name,category,slug,url,price_raw,image
Jumbo 3D Optima AB Wheel Aligner,3d Printer Filament,,https://www.manatec.net/3d-printer-filament.html,₹ 1050000  / Piece,https://5.imimg.com/data5/SELLER/Default/2024/7/437595433/LB/HM/TZ/197902/jumbo-3d-optima-ab-500x500.jpg
3D Wheel Aligner - Fox 3D VHX - Variable Height,3D Wheel Aligner,,https://www.manatec.net/3d-wheel-aligner.html,₹ 371700  / Piece,https://5.imimg.com/data5/SELLER/Default/2025/10/556373569/TH/NE/ZH/197902/fox-3d-vhx-3d-wheel-aligner-500x500.jpg
DP 3500 Dent Puller,3D Wheel Aligner,,https://www.manatec.net/3d-wheel-aligner.html,₹ 56550  / Piece,https://5.imimg.com/data5/SELLER/Default/2025/12/567834037/GP/OY/IF/197902/dp-3500-dent-puller-500x500.jpg
Fox 3D DT Vision Based 3D Wheel Aligner,3D Wheel Aligner,,https://www.manatec.net/3d-wheel-aligner.html,₹ 432000  / Piece,https://5.imimg.com/data5/SELLER/Default/2023/10/352578221/AJ/KR/UC/197902/fox-3d-dt-vision-based-3d-wheel-aligner-500x500.jpg
Jumbo 3D Super 5A Wheel Aligner,3D Wheel Aligner,,https://www.manatec.net/3d-wheel-aligner.html,₹ 1562500  / Piece,https://5.imimg.com/data5/SELLER/Default/2023/10/352578024/JA/AY/FU/197902/truck-3d-wheel-alignment-machine-500x500.jpg
Jumbo 3D Super 6A Wheel Aligner,3D Wheel Aligner,,https://www.manatec.net/3d-wheel-aligner.html,₹ 1687500  / unit,https://5.imimg.com/data5/SELLER/Default/2023/10/352576673/ZY/RB/TJ/197902/jumbo-3d-super-6a-wheel-aligner-500x500.jpg
Premium Manatec Stellar 3D Wheel Aligner VHS 4P,3D Wheel Aligner,,https://www.manatec.net/3d-wheel-aligner.html,₹ 462500  / Piece,https://5.imimg.com/data5/SELLER/Default/2025/11/559055422/RI/UC/IA/197902/premium-manatec-stellar-3d-wheel-aligner-vhs-4p-500x500.jpg
I Cool 100 AC Recycling Machine,ac gas charging machine,,https://www.manatec.net/ac-gas-charging-machine.html,₹ 141500  / Piece,https://5.imimg.com/data5/SELLER/Default/2024/7/434509516/NE/AA/WX/197902/i-cool-100-ac-recycling-machine-500x500.jpg
I Cool 100 Vehicle AC Gas Charging Machine,ac gas charging machine,,https://www.manatec.net/ac-gas-charging-machine.html,₹ 141500  / Piece,https://5.imimg.com/data5/SELLER/Default/2025/12/564351009/BO/IS/GT/197902/100-p-i-cool-vehicle-ac-gas-charging-machine-500x500.jpg
I Cool T HCV AC Gas Charger,ac gas charging machine,,https://www.manatec.net/ac-gas-charging-machine.html,₹ 141250  / Unit,https://5.imimg.com/data5/SELLER/Default/2024/7/434502699/TZ/MT/TV/197902/i-cool-t-hcv-ac-gas-charger-500x500.jpg
I Cool Pro 100 AC Recycling Machine,AC Recycling Machine,,https://www.manatec.net/ac-recycling-machine.html,₹ 176000  / Piece,https://tdw.imimg.com/template-tdw/n_image_t.png
I Cool Pro 100 D AC Recycling Machine,AC Recycling Machine,,https://www.manatec.net/ac-recycling-machine.html,₹ 140300  / Piece,https://tdw.imimg.com/template-tdw/n_image_t.png
I Cool100 E AC Recycling Machine,AC Recycling Machine,,https://www.manatec.net/ac-recycling-machine.html,₹ 114400  / Piece,https://5.imimg.com/data5/SELLER/Default/2025/11/559111052/TT/ES/NY/197902/i-cool100-e-ac-recycling-machine-500x500.jpg
250 Liter 3HP Air Compressor,Air Compressor,,https://www.manatec.net/air-compressor.html,₹ 82250  / Unit,https://5.imimg.com/data5/SELLER/Default/2025/12/567821538/CX/SW/NS/197902/250-liter-5hp-air-compressor-500x500.jpg
3 HP Air Compressor,Air Compressor,,https://www.manatec.net/air-compressor.html,₹ 68250  / Unit,https://5.imimg.com/data5/SELLER/Default/2024/7/434517948/RP/KV/HA/197902/air-compressor-3hp-500x500.jpg
7.5 HP Air Compressor,Air Compressor,,https://www.manatec.net/air-compressor.html,₹ 104650  / Unit,https://5.imimg.com/data5/SELLER/Default/2025/12/567822382/CB/RE/FO/197902/7-5-hp-air-compressor-500x500.jpg
Air Compressor - 5HP,Air Compressor,,https://www.manatec.net/air-compressor.html,₹ 92300  / Piece,https://5.imimg.com/data5/SELLER/Default/2025/11/559235719/LP/LE/IY/197902/air-compressor-5hp-500x500.jpg
3D Wheel Aligner - Fox 3D PTX,Automotive Machine,,https://www.manatec.net/automotive-machine.html,₹ 348100  / Unit,https://5.imimg.com/data5/SELLER/Default/2025/10/556339159/RZ/TY/GC/197902/fox-3d-ptx-3d-wheel-aligner-500x500.jpg
Eco Gas 200 I Petrol Gas Analyzer,Automotive Machine,,https://www.manatec.net/automotive-machine.html,₹ 161900  / Unit,https://5.imimg.com/data5/SELLER/Default/2024/7/435699297/TX/WU/QA/197902/eco-gas-200-i-petrol-gas-analyzer-500x500.jpg
Eco Smoke 100 A Diesel Smoke Meter,Automotive Machine,,https://www.manatec.net/automotive-machine.html,₹ 94900  / Unit,https://5.imimg.com/data5/SELLER/Default/2025/12/568244845/PP/XO/YB/197902/eco-smoke-100-a-diesel-smoke-meter-500x500.jpg
Electric Impact Wrench-IW 1/2 Inch,Automotive Machine,,https://www.manatec.net/automotive-machine.html,₹ 14560  / Piece,https://5.imimg.com/data5/SELLER/Default/2023/10/352571004/QT/KP/FJ/197902/electric-impact-wrench-500x500.jpg
Fox 3D Auto BoomX,Automotive Machine,,https://www.manatec.net/automotive-machine.html,₹ 439700  / Piece,https://5.imimg.com/data5/SELLER/Default/2024/7/434488963/YC/DQ/QO/197902/fox-3d-auto-boomx-smart-mobile-500x500.jpg
ME NFS 308 A/MO-E Nitrogen Filling Station,Automotive Machine,,https://www.manatec.net/automotive-machine.html,₹ 84500  / Piece,https://5.imimg.com/data5/SELLER/Default/2025/12/567887436/NZ/RT/TN/197902/me-nfs-308-a-mo-e-nitrogen-filling-station-500x500.jpg
ME WASL D40 Double Scissor Lift,Automotive Machine,,https://www.manatec.net/automotive-machine.html,₹ 608125  / Piece,https://5.imimg.com/data5/SELLER/Default/2024/7/434549592/YR/OF/UU/197902/me-wasl-d40-double-scissor-lift-500x500.jpg
Premium Computerised Wheel Balancer,Automotive Machine,,https://www.manatec.net/automotive-machine.html,₹ 115125  / Unit,https://5.imimg.com/data5/SELLER/Default/2024/7/436020825/KN/BL/IT/197902/premium-computerised-wheel-balancer-500x500.jpg
WB DL 65 C Plus Wheel Balancer,Automotive Machine,,https://www.manatec.net/automotive-machine.html,₹ 88400  / Piece,https://5.imimg.com/data5/SELLER/Default/2024/7/436026139/DM/DQ/NU/197902/wb-dl-65-c-500x500.jpg
WB VL65 DSP LX Premium Wheel Balancer,Automotive Machine,,https://www.manatec.net/automotive-machine.html,₹ 129150  / Piece,https://5.imimg.com/data5/SELLER/Default/2024/7/434377514/KS/TQ/YS/197902/wb-vl-65-dsp-lx-premium-500x500.jpg
WBVL 65 LX ADB Computerised Wheel Balancer,Automotive Machine,,https://www.manatec.net/automotive-machine.html,₹ 122200  / Unit,https://5.imimg.com/data5/SELLER/Default/2024/7/436022072/LZ/XQ/LT/197902/wb-vl-65-lx-adb-computerised-wheel-balancer-500x500.jpg
Infrared Retrofit Kit 20,Body Shop & Utility Equipment,,https://www.manatec.net/boby-shop-utility-equipment.html,₹ 123175  / Piece,https://5.imimg.com/data5/SELLER/Default/2025/12/570987579/QX/OQ/GA/197902/infrared-retrofit-kit-20-500x500.jpeg
Infrared Retrofit Kit 30,Body Shop & Utility Equipment,,https://www.manatec.net/boby-shop-utility-equipment.html,₹ 149200  / Piece,https://5.imimg.com/data5/SELLER/Default/2025/12/570985356/OQ/ZX/WU/197902/infrared-retrofit-kit-30-500x500.jpeg
MEPC 40 Plasma Cutter,Body Shop & Utility Equipment,,https://www.manatec.net/boby-shop-utility-equipment.html,₹ 67860  / Unit,https://5.imimg.com/data5/SELLER/Default/2024/7/434515201/YZ/TC/JE/197902/me-pc-40-plasma-cutter-500x500.jpg
MIG/MAg 250 Welding Machine - Manatec,Body Shop & Utility Equipment,,https://www.manatec.net/boby-shop-utility-equipment.html,₹ 79105  / Piece,https://5.imimg.com/data5/SELLER/Default/2025/12/567886360/CK/DV/DE/197902/mig-mag-250-welding-machine-500x500.jpg
PB 700 Eco IR-Inside Ramp 5+2 Meters Paint Spray Booth,Body Shop & Utility Equipment,,https://www.manatec.net/boby-shop-utility-equipment.html,₹ 787500  / Piece,https://5.imimg.com/data5/SELLER/Default/2025/12/568235726/ZE/KF/KH/197902/mepb-700-eco-ir-inside-ramp-5-2-meters-paint-spray-booth-500x500.jpg
PC 40 Plasma Cutter,Body Shop & Utility Equipment,,https://www.manatec.net/boby-shop-utility-equipment.html,₹ 67860  / Unit,https://5.imimg.com/data5/SELLER/Default/2025/12/567880853/SO/ME/ZY/197902/me-pc-40-plasma-cutter-500x500.jpg
CDS 100 Car Disinfection System,Car Disinfection System,,https://www.manatec.net/car-disinfection-system.html,₹ 54063  / Unit,https://5.imimg.com/data5/SELLER/Default/2023/10/352576751/OD/OH/FP/197902/car-disinfection-system-cds-100-500x500.jpg
10HP Air Compressor,High Pressure Air Compressor,,https://www.manatec.net/high-pressure-air-compressor.html,₹ 151100  / Piece,https://5.imimg.com/data5/SELLER/Default/2025/11/559236357/ER/PQ/XH/197902/10-hp-screw-air-compressor-300-liters-500x500.jpg
15 HP Air Compressor,High Pressure Air Compressor,,https://www.manatec.net/high-pressure-air-compressor.html,₹ 176400  / Piece,https://5.imimg.com/data5/SELLER/Default/2024/7/434504842/JM/SP/NO/197902/air-compressor-15-hp-15bar-41cfm-500x500.jpg
Single phase Air Compressor 3HP / 220 Litres,High Pressure Air Compressor,,https://www.manatec.net/high-pressure-air-compressor.html,₹ 64350  / Piece,https://5.imimg.com/data5/SELLER/Default/2025/12/567822275/EE/LQ/PB/197902/7-5-hp-air-compressor-500x500.jpg
High Pressure Car Washer Model HPCW 120 - 3 Phase,High Pressure Car Washer,,https://www.manatec.net/high-pressure-car-washer.html,₹ 50700  / Piece,https://5.imimg.com/data5/SELLER/Default/2025/12/570973156/OH/XT/LL/197902/high-pressure-car-washer-model-hpcw-120-3-z14502-500x500.jpeg
High Pressure Car Washer Model HPCW 120 - M,High Pressure Car Washer,,https://www.manatec.net/high-pressure-car-washer.html,₹ 52000  / Piece,https://5.imimg.com/data5/SELLER/Default/2025/12/567803543/LC/YD/FO/197902/high-pressure-car-washer-model-hpcw-120-m-500x500.jpg
High Pressure Car Washer Model HPCW 120 - Single Phase,High Pressure Car Washer,,https://www.manatec.net/high-pressure-car-washer.html,₹ 50700  / Piece,https://5.imimg.com/data5/SELLER/Default/2025/12/570970351/QG/ND/SB/197902/high-pressure-car-washer-model-hpcw-120-500x500.jpeg
EV Motor Drive Kit,Hub Motor,,https://www.manatec.net/hub-motor.html,₹ 32000  / Piece,https://5.imimg.com/data5/SELLER/Default/2025/10/551578941/OE/FF/IP/197902/ev-motor-drive-kit-500x500.png
4.5 Ton Four Post Lift,Lifting Equipment,,https://www.manatec.net/lifting-equipment.html,₹ 400000  / Piece,https://5.imimg.com/data5/SELLER/Default/2025/12/567900011/JT/GL/UJ/197902/4-5-ton-four-post-lift-500x500.jpg
Manatec Pneumatic Jack,Lifting Equipment,,https://www.manatec.net/lifting-equipment.html,₹ 54375  / Unit,https://5.imimg.com/data5/SELLER/Default/2023/10/352570745/AT/ON/BC/197902/manatec-pneumatic-jack-500x500.jpg
ME FPL FS40 Four Post Lift,Lifting Equipment,,https://www.manatec.net/lifting-equipment.html,₹ 400000  / Piece,https://5.imimg.com/data5/SELLER/Default/2024/7/436036504/JX/DK/QE/197902/me-fpl-fs40-four-post-lift-500x500.jpg
Rhino 4 HF Floor Plate Two Post Lift,Lifting Equipment,,https://www.manatec.net/lifting-equipment.html,₹ 122200  / Unit,https://5.imimg.com/data5/SELLER/Default/2024/7/436017712/QC/EH/RL/197902/rhino-4-hf-floor-plate-two-post-lift-500x500.jpg
Rhino 4HC Two Post Lift,Lifting Equipment,,https://www.manatec.net/lifting-equipment.html,₹ 129350  / Piece,https://5.imimg.com/data5/SELLER/Default/2024/7/436032924/IO/TW/DL/197902/rhino-4hc-two-post-lift-500x500.jpg
Wheel Alignment Scissor Lift-WASL D40,Lifting Equipment,,https://www.manatec.net/lifting-equipment.html,₹ 470600  / Piece,https://5.imimg.com/data5/SELLER/Default/2025/12/567823650/EF/EI/FG/197902/wheel-alignment-scissor-lift-wasl-d40-500x500.jpg
WL 4T Hydraulic Washing Lift,Lifting Equipment,,https://www.manatec.net/lifting-equipment.html,₹ 130100  / Piece,https://5.imimg.com/data5/SELLER/Default/2021/4/SI/BC/IQ/197902/me-wl-4t-8t-500x500.jpg
WL 4T with TRP Washing Lift,Lifting Equipment,,https://www.manatec.net/lifting-equipment.html,₹ 184900  / Piece,https://5.imimg.com/data5/SELLER/Default/2025/12/567835576/FK/KS/NO/197902/wl-4t-with-trp-washing-lift-500x500.jpg
High Pressure Washer,New Items,,https://www.manatec.net/new-items.html,₹ 50700  / Piece,https://tdw.imimg.com/template-tdw/n_image_t.png
"Manatec Tyremate TPMS for LCV, Bus & Trucks with Tubeless Tyres",New Items,,https://www.manatec.net/new-items.html,₹ 14999  / Piece,https://tdw.imimg.com/template-tdw/n_image_t.png
Tyre & Wheel Equipment,New Items,,https://www.manatec.net/new-items.html,Get Latest Price,https://5.imimg.com/data5/SELLER/Default/2024/11/464953045/NI/NF/AQ/197902/manatec-stellar-3d-wheel-aligner-500x500.png
HCV 1016 Nitrogen Filling Station,Nitrogen Filling Station,,https://www.manatec.net/nitrogen-filling-station.html,₹ 256250  / Unit,https://5.imimg.com/data5/SELLER/Default/2024/7/434489643/BL/LS/KN/197902/nitrogen-filling-station-hcv-500x500.jpg
ME NFS 308 M/O Nitrogen Filling Station,Nitrogen Filling Station,,https://www.manatec.net/nitrogen-filling-station.html,₹ 84500  / Piece,https://5.imimg.com/data5/SELLER/Default/2024/7/437590452/PZ/KF/HV/197902/me-nfs-308-m-o-nitrogen-filling-station-500x500.jpg
Paint Booth Retrofit Model PB R01,Paint Spray Booth,,https://www.manatec.net/paint-spray-booth.html,₹ 130000  / Piece,https://tdw.imimg.com/template-tdw/n_image_t.png
PB 700 Eco Paint Spray Booth,Paint Spray Booth,,https://www.manatec.net/paint-spray-booth.html,₹ 787500  / Piece,https://5.imimg.com/data5/SELLER/Default/2025/12/568214942/YQ/TQ/MC/197902/mepb-700-eco-ir-inside-ramp-5-2-meters-paint-spray-booth-500x500.jpg
PB Paint Booth Infra Heating-PB 700 Eco IRh,Paint Spray Booth,,https://www.manatec.net/paint-spray-booth.html,₹ 762500  / Piece,https://5.imimg.com/data5/SELLER/Default/2025/12/568239403/RE/SM/HO/197902/me-pb-paint-booth-infra-heating-pb-700-eco-irh-500x500.jpg
100 BA Eco Smoke Meter,Pollution Checking Equipments,,https://www.manatec.net/pollution-checking-equipments.html,₹ 94900  / Piece,https://5.imimg.com/data5/SELLER/Default/2024/7/434486364/FD/VF/GX/197902/eco-smoke-100-ba-500x500.jpg
Eco Gas 200 I Exhaust Gas Analyzer,Pollution Checking Equipments,,https://www.manatec.net/pollution-checking-equipments.html,₹ 161900  / Unit,https://5.imimg.com/data5/SELLER/Default/2025/12/568243683/NP/BW/YJ/197902/eco-gas-200-i-exhaust-gas-analyzer-500x500.jpg
10 HP screw Air Compressor/300 Liters,Screw Air Compressor,,https://www.manatec.net/screw-air-compressor.html,₹ 212900  / Piece,https://5.imimg.com/data5/SELLER/Default/2025/11/559238482/NC/CQ/BL/197902/10-hp-screw-air-compressor-300-liters-500x500.jpg
7.5 HP screw Air Compressor/250 Liters,Screw Air Compressor,,https://www.manatec.net/screw-air-compressor.html,₹ 197000  / Piece,https://5.imimg.com/data5/SELLER/Default/2025/12/569023387/LB/NZ/YA/197902/7-5-hp-screw-air-compressor-250-liters-500x500.jpg
Single phase Air Compressor - 2 HP / 250 Litres,Screw Air Compressor,,https://www.manatec.net/screw-air-compressor.html,₹ 53950  / Piece,https://5.imimg.com/data5/SELLER/Default/2025/11/559119315/FV/PO/VD/197902/2-hp-single-phase-air-compressor-200-liters-500x500.jpg
Two Post Car Lift,Two Post Lift Four Wheeler,,https://www.manatec.net/two-post-lift-four-wheeler.html,₹ 129350  / Piece,https://5.imimg.com/data5/SELLER/Default/2025/12/567819842/ME/AP/PJ/197902/two-post-car-lift-500x500.jpg
ME TCH 1027 Tyre Changer,Tyre Changer,,https://www.manatec.net/tyre-changer.html,₹ 423800  / Piece,https://5.imimg.com/data5/IT/EV/RY/SELLER-197902/me-tch-1027-tyre-changer-500x500.jpg
METCH 1027 HCV Tyre Changer,Tyre Changer,,https://www.manatec.net/tyre-changer.html,₹ 423800  / Piece,https://5.imimg.com/data5/SELLER/Default/2023/10/352578302/FT/PO/NX/197902/me-tch-1027-hcv-tyre-changer-500x500.jpg
METCH 1047 HCV Tyre Changer,Tyre Changer,,https://www.manatec.net/tyre-changer.html,₹ 597500  / Piece,https://5.imimg.com/data5/SELLER/Default/2023/11/360426482/ZN/CZ/IH/197902/me-tch-1027-tyre-changer-500x500.jpg
TCXL 40 Tyre Changer,Tyre Changer,,https://www.manatec.net/tyre-changer.html,₹ 84500  / Piece,https://5.imimg.com/data5/SELLER/Default/2025/12/568238537/MA/PT/UH/197902/tcxl-40-tyre-changer-500x500.jpg
TCXL 50 Super Tyre Changer,Tyre Changer,,https://www.manatec.net/tyre-changer.html,₹ 87750  / Piece,https://tdw.imimg.com/template-tdw/n_image_t.png
Tyremate TM 200 TL with Tank Tyre Changer - Fully Automatic Tubeless,Tyre Changer,,https://www.manatec.net/tyre-changer.html,₹ 144100  / Piece,https://5.imimg.com/data5/SELLER/Default/2025/12/568237833/YR/JA/CZ/197902/tyremate-tm-200-tl-with-tank-tyre-changer-500x500.jpg
Automatic Tyre Inflator (T0519),Tyre Inflator,,https://www.manatec.net/tyre-inflator.html,₹ 23140  / Piece,https://5.imimg.com/data5/SELLER/Default/2025/11/559066138/LX/NH/UP/197902/automatic-tyre-inflator-t0519-500x500.jpg
Manatec Tyremate TPMS for Bus & Trucks (Solar Display) with Tubeless Tyres - Pack of 6 Sensors.,Tyre Pressure Monitoring System,,https://www.manatec.net/tyre-pressure-monitoring-system.html,₹ 14999  / Piece,https://5.imimg.com/data5/SELLER/Default/2025/10/554799626/UV/TS/JV/197902/manatec-tyremate-tpms-for-bus-trucks-solar-display-with-tubeless-tyres-pack-of-6-sensors-500x500.jpg
Manatec Tyremate TPMS For Cars (Compact Display) With Tubeless Tyres - Pack Of 4 Sensors,Tyre Pressure Monitoring System,,https://www.manatec.net/tyre-pressure-monitoring-system.html,₹ 7150  / Piece,https://5.imimg.com/data5/SELLER/Default/2025/10/554790863/OY/DH/LZ/197902/manatec-tyremate-tpms-for-cars-with-tubeless-tyres-pack-of-4-sensors-1-compact-display-500x500.jpg
Vacuum Cleaner-VC70,Vacuum Cleaner,,https://www.manatec.net/vacuum-cleaner.html,₹ 30680  / Piece,https://5.imimg.com/data5/SELLER/Default/2025/12/567833742/LR/SG/FW/197902/vacuum-cleaner-vc70-500x500.jpg
Jumbo 3D Optima M,Wheel Aligner,,https://www.manatec.net/wheel-aligner.html,₹ 950000  / Piece,https://5.imimg.com/data5/SELLER/Default/2024/7/437592821/CB/JL/ZH/197902/jumbo-3d-optima-m-500x500.jpg
Jumbo 3D Super 4A Wheel Alignment Machine,Wheel Aligner,,https://www.manatec.net/wheel-aligner.html,₹ 1487500  / Unit,https://5.imimg.com/data5/SELLER/Default/2021/9/SO/FV/NF/197902/jumbo-3d-super-4a-with-truck-500x500.jpg
Manatec 3D Wheel Aligner,Wheel Aligner,,https://www.manatec.net/wheel-aligner.html,₹ 325950  / Piece,https://5.imimg.com/data5/GLADMIN/VideoImage/2023/7/321766894/SS/LJ/UY/197902/manatec-3d-wheel-aligner-500x500.jpg
3D Jumbo Optima Wheel Alignment Machine,Wheel Alignment Machine,,https://www.manatec.net/wheel-alignment-machine.html,₹ 968800  / Unit,https://5.imimg.com/data5/SELLER/Default/2024/7/434480737/HN/GG/GZ/197902/jumbo-3d-optima-500x500.jpg
Manatec Neo 3D Wheel Alignment Machine,Wheel Alignment Machine,,https://www.manatec.net/wheel-alignment-machine.html,₹ 344300  / Piece,https://5.imimg.com/data5/SELLER/Default/2025/11/558019717/RG/IE/ZO/197902/manatec-neo-3d-wheel-alignment-machine-500x500.jpg
Premium Manatec Stellar 3D Wheel Aligner ABS 4P,Wheel Alignment Machine,,https://www.manatec.net/wheel-alignment-machine.html,₹ 527500  / Piece,https://5.imimg.com/data5/SELLER/Default/2025/12/565540883/HO/ZS/PL/197902/premium-manatec-stellar-3d-wheel-aligner-abs-4p-500x500.jpg
Premium Manatec Stellar 3D Wheel Aligner ABSC 4P,Wheel Alignment Machine,,https://www.manatec.net/wheel-alignment-machine.html,₹ 557500  / Piece,https://5.imimg.com/data5/SELLER/Default/2025/12/565537677/BI/LJ/LA/197902/premium-manatec-stellar-3d-wheel-aligner-absc-4p-500x500.jpg
Wheel Alignment Machine,Wheel Alignment Machine,,https://www.manatec.net/wheel-alignment-machine.html,₹ 325950  / Piece,https://5.imimg.com/data5/SELLER/Default/2024/7/435697719/HV/BR/FD/197902/wheel-alignment-machine-500x500.jpg
Manatec Gyrospin 200 Two Wheeler Balancer,Wheel Balancer,,https://www.manatec.net/wheel-balancer.html,₹ 87000  / Unit,https://5.imimg.com/data5/SELLER/Default/2023/10/352568699/UR/YH/LH/197902/gyrospin-200-500x500.jpg
Manatec Gyrospin 300 Two Wheeler Balancer,Wheel Balancer,,https://www.manatec.net/wheel-balancer.html,₹ 93600  / Piece,https://5.imimg.com/data5/SELLER/Default/2025/12/568232648/HY/NI/EE/197902/manatec-gyrospin-300-two-wheeler-balancer-for-yamaha-yzf-r1-500x500.jpg
Rhino 4 HF Two Post Lift,Wheel Balancer,,https://www.manatec.net/wheel-balancer.html,₹ 122200  / Piece,https://5.imimg.com/data5/SELLER/Default/2025/12/567820597/BN/PL/OJ/197902/rhino-4-hf-two-post-lift-500x500.jpg
VH 200 LX Computerized Wheel Balancer,Wheel Balancer,,https://www.manatec.net/wheel-balancer.html,₹ 223100  / Piece,https://5.imimg.com/data5/SELLER/Default/2024/7/436026965/KA/ZI/DZ/197902/vh-200-lx-computerized-wheel-balancer-500x500.jpg
WB DH 200 Computerised Wheel Balancer,Wheel Balancer,,https://www.manatec.net/wheel-balancer.html,₹ 191300  / Piece,https://5.imimg.com/data5/SELLER/Default/2024/7/436023230/NE/YJ/NY/197902/wb-dh-200-computerised-wheel-balancer-500x500.jpg
WB DL 65 Premium Plus Wheel Balancer,Wheel Balancer,,https://www.manatec.net/wheel-balancer.html,₹ 113100  / Piece,https://tdw.imimg.com/template-tdw/n_image_t.png
WB VL65 LX Premium Plus Wheel Balancer,Wheel Balancer,,https://www.manatec.net/wheel-balancer.html,₹ 140500  / Unit,https://5.imimg.com/data5/SELLER/Default/2024/7/434513414/ZI/EW/SO/197902/wb-vl-65-lx-premium-500x500.jpg
WBDH 200 HCV Wheel Balancer,Wheel Balancer,,https://www.manatec.net/wheel-balancer.html,₹ 191300  / Piece,https://5.imimg.com/data5/SELLER/Default/2024/7/434489461/DJ/GQ/EU/197902/wb-dh-200-dsp-r-hcv-wheel-balancer-500x500.jpg
WBVH 200 DSP LX R HCV Wheel Balancer,Wheel Balancer,,https://www.manatec.net/wheel-balancer.html,₹ 429562  / Piece,https://5.imimg.com/data5/SELLER/Default/2024/7/434491377/MK/MK/TB/197902/wb-vh-200-dsp-lx-r-hcv-wheel-balancer-500x500.jpg
WBVL 65 LX Premium Plus Wheel Balancer,Wheel Balancer,,https://www.manatec.net/wheel-balancer.html,₹ 133900  / Piece,https://5.imimg.com/data5/SELLER/Default/2024/7/434492165/ZI/LZ/FC/197902/wb-vl-65-lx-premium-500x500.jpg
WBVL 65 LX Premium Wheel Balancer,Wheel Balancer,,https://www.manatec.net/wheel-balancer.html,₹ 130100  / Piece,https://tdw.imimg.com/template-tdw/n_image_t.png
WBVL65 DSP Computerized Wheel Balancer,Wheel Balancer,,https://www.manatec.net/wheel-balancer.html,₹ 116075  / Piece,https://5.imimg.com/data5/SELLER/Default/2024/7/434550370/TV/BZ/YK/197902/wb-vl-65-dsp-computerized-wheel-balancer-500x500.jpg
WB DL 65 Premium Wheel Balancer,Wheel Balancing Equipment,,https://www.manatec.net/wheel-balancing-equipment.html,₹ 109200  / Piece,https://5.imimg.com/data5/SELLER/Default/2024/7/434514691/KB/XO/GB/197902/wb-dl-65-dsp-premium-500x500.jpg
