Item Code,Quantity Available
Shaft-cone-assembly,25
Wheel-adapters-set,40
Cabinet-sheet-metal,30
Plexiglass-guard,60
AC-Motor-035HP,12
Brake-solenoid-kit,20
Start-limit-switches,100
Load-cell-sensor,18
Encoder-sensor,22
DSP-PCB-main,15
LED-Monitor-15in,10
PSU-SMPS,28
Bearing-set-6204,200
Fasteners-M12,2000
Fasteners-M8,3000
Powder-coating-service,1
Labels-decals,500
Wooden-crate-pack,40
MS-columns-4HC,15
Lifting-arms-telescopic,20
Steel-rope-set,25
Safety-latch-kit,18
Hydraulic-cylinder-pair,12
Hydraulic-power-pack,10
Hydraulic-hoses-oil,30
Motor-24kW,14
Pendant-control-limit,26
Anchor-bolt-kit,50
Cast-iron-turntable,8
Bead-breaker-arm,10
Clamp-jaws-set,16
Pneumatic-motor-assy,9
Pneumatic-foot-pedal-valve,22
Air-tank-250L,13
Compressor-pump-3HP,7
Pressure-switch,45
Safety-nonreturn-valve,40
Regulator-gauge-kit,35
Compressor-motor-3HP,11
Air-filter-oil-kit,80
NDIR-gas-sensor,6
Opacity-sensor,8
Sampling-probe,15
Calibration-gas-kit,4
Sample-pump-ASM,12
Gas-analyzer-PCB,9
Dry-gas-piston,0
Refrigerant-recovery-comp,5
Manifold-gauge-set-AC,14
Solenoid-valve-AC,25
PT-sensor,30
AC-PCB-display,11
Refrigerant-R134A,60
AC-oil-filters,90