Product,Item Code,Qty Required Per Unit
WBVL65 DSP Computerized Wheel Balancer,Shaft-cone-assembly,1
WBVL65 DSP Computerized Wheel Balancer,Wheel-adapters-set,1
WBVL65 DSP Computerized Wheel Balancer,Cabinet-sheet-metal,1
WBVL65 DSP Computerized Wheel Balancer,Plexiglass-guard,1
WBVL65 DSP Computerized Wheel Balancer,AC-Motor-035HP,1
WBVL65 DSP Computerized Wheel Balancer,Brake-solenoid-kit,1
WBVL65 DSP Computerized Wheel Balancer,Start-limit-switches,2
WBVL65 DSP Computerized Wheel Balancer,Load-cell-sensor,1
WBVL65 DSP Computerized Wheel Balancer,Encoder-sensor,1
WBVL65 DSP Computerized Wheel Balancer,DSP-PCB-main,1
WBVL65 DSP Computerized Wheel Balancer,LED-Monitor-15in,1
WBVL65 DSP Computerized Wheel Balancer,PSU-SMPS,1
WBVL65 DSP Computerized Wheel Balancer,Bearing-set-6204,2
WBVL65 DSP Computerized Wheel Balancer,Fasteners-M12,8
WBVL65 DSP Computerized Wheel Balancer,Labels-decals,1
WBVL65 DSP Computerized Wheel Balancer,Wooden-crate-pack,1
Rhino 4HC Two Post Lift,MS-columns-4HC,2
Rhino 4HC Two Post Lift,Lifting-arms-telescopic,4
Rhino 4HC Two Post Lift,Steel-rope-set,2
Rhino 4HC Two Post Lift,Safety-latch-kit,1
Rhino 4HC Two Post Lift,Hydraulic-cylinder-pair,1
Rhino 4HC Two Post Lift,Hydraulic-power-pack,1
Rhino 4HC Two Post Lift,Hydraulic-hoses-oil,1
Rhino 4HC Two Post Lift,Motor-24kW,1
Rhino 4HC Two Post Lift,Pendant-control-limit,1
Rhino 4HC Two Post Lift,Anchor-bolt-kit,1
METCH 1027 HCV Tyre Changer,Cast-iron-turntable,1
METCH 1027 HCV Tyre Changer,Bead-breaker-arm,1
METCH 1027 HCV Tyre Changer,Clamp-jaws-set,1
METCH 1027 HCV Tyre Changer,Pneumatic-motor-assy,1
METCH 1027 HCV Tyre Changer,Pneumatic-foot-pedal-valve,1
METCH 1027 HCV Tyre Changer,Start-limit-switches,1
METCH 1027 HCV Tyre Changer,Cabinet-sheet-metal,1
METCH 1027 HCV Tyre Changer,Fasteners-M12,6
7.5 HP Air Compressor,Air-tank-250L,1
7.5 HP Air Compressor,Compressor-pump-3HP,1
7.5 HP Air Compressor,Pressure-switch,1
7.5 HP Air Compressor,Safety-nonreturn-valve,2
7.5 HP Air Compressor,Regulator-gauge-kit,1
7.5 HP Air Compressor,Compressor-motor-3HP,1
7.5 HP Air Compressor,Air-filter-oil-kit,1
7.5 HP Air Compressor,Cabinet-sheet-metal,1
Eco Gas 200 I Exhaust Gas Analyzer,NDIR-gas-sensor,1
Eco Gas 200 I Exhaust Gas Analyzer,Sampling-probe,1
Eco Gas 200 I Exhaust Gas Analyzer,Calibration-gas-kit,1
Eco Gas 200 I Exhaust Gas Analyzer,Sample-pump-ASM,1
Eco Gas 200 I Exhaust Gas Analyzer,Gas-analyzer-PCB,1
Eco Gas 200 I Exhaust Gas Analyzer,DSP-PCB-main,1
Eco Gas 200 I Exhaust Gas Analyzer,Labels-decals,1
100 BA Eco Smoke Meter,Opacity-sensor,1
100 BA Eco Smoke Meter,Sampling-probe,1
100 BA Eco Smoke Meter,Calibration-gas-kit,1
100 BA Eco Smoke Meter,Sample-pump-ASM,1
100 BA Eco Smoke Meter,Gas-analyzer-PCB,1
100 BA Eco Smoke Meter,Labels-decals,1
I Cool 100 Vehicle AC Gas Charging Machine,Refrigerant-recovery-comp,1
I Cool 100 Vehicle AC Gas Charging Machine,Manifold-gauge-set-AC,1
I Cool 100 Vehicle AC Gas Charging Machine,Solenoid-valve-AC,2
I Cool 100 Vehicle AC Gas Charging Machine,PT-sensor,1
I Cool 100 Vehicle AC Gas Charging Machine,AC-PCB-display,1
I Cool 100 Vehicle AC Gas Charging Machine,Hydraulic-hoses-oil,1
I Cool 100 Vehicle AC Gas Charging Machine,Refrigerant-R134A,1
I Cool 100 Vehicle AC Gas Charging Machine,Labels-decals,1